Band Name,Time,Genre,Address,Latitude,Longitude,Google Maps Link
AMATEURHOUR,12:00pm – 2:00pm,Electronic,2 Kenwood St ,42.400182874853215,-71.11878524893358,"https://maps.google.com/?q=42.400182874853215,-71.11878524893358"
Ana Schon,12:00pm – 1:00pm,Indie,11 Simpson Avenue ,42.399327799999995,-71.12404699447403,"https://maps.google.com/?q=42.399327799999995,-71.12404699447403"
Awnthay,12:00pm – 2:00pm,Rock,6 Park Ave ,42.39760135,-71.12221473227511,"https://maps.google.com/?q=42.39760135,-71.12221473227511"
Baby Bowler,12:00pm – 2:00pm,Rock,41 Whitman St ,42.40238892757326,-71.12346161752743,"https://maps.google.com/?q=42.40238892757326,-71.12346161752743"
Backshore 500,12:00pm – 2:00pm,Rock,8 Foskett St ,42.3968548,-71.11538232954166,"https://maps.google.com/?q=42.3968548,-71.11538232954166"
Barbershop Quartet Showcase,12:00pm – 2:00pm,Americana,28 Newberne St ,42.395669600000005,-71.11667606998691,"https://maps.google.com/?q=42.395669600000005,-71.11667606998691"
Beft,12:00pm – 2:00pm,Rock,53 Paulina St ,42.40142765,-71.12376234800536,"https://maps.google.com/?q=42.40142765,-71.12376234800536"
Big Jon and the Mattress Factory,12:00pm – 2:00pm,Rock,42 Walker St ,42.40138005,-71.11965544974314,"https://maps.google.com/?q=42.40138005,-71.11965544974314"
Bird Friend,12:00pm – 2:00pm,"Folk, Rock, Singer/songwriter",9 Chapel Street ,42.39923095,-71.12123243026385,"https://maps.google.com/?q=42.39923095,-71.12123243026385"
Birds Already,12:00pm – 2:00pm,Indie,23 Gorham St ,42.399167250000005,-71.12604279715083,"https://maps.google.com/?q=42.399167250000005,-71.12604279715083"
Black Diamond Fortress,12:00pm – 2:00pm,Metal,19 Pearson Rd ,42.401227750000004,-71.11422349999998,"https://maps.google.com/?q=42.401227750000004,-71.11422349999998"
Blues Woman,12:00pm – 2:00pm,"Folk, Rock, Singer/songwriter",17 Packard Ave ,42.40264695,-71.12442979394231,"https://maps.google.com/?q=42.40264695,-71.12442979394231"
Boston Liberation Center (BLC) Band,12:00pm – 2:00pm,"Jazz, Latin, Pop, Rock, R&B",174 Morrison Ave ,42.39667755,-71.11874814510281,"https://maps.google.com/?q=42.39667755,-71.11874814510281"
Brother Gabriel,12:00pm – 2:00pm,Blues,85 Bromfield Rd ,42.4041097,-71.11622963202157,"https://maps.google.com/?q=42.4041097,-71.11622963202157"
Capo/Regime,12:00pm – 2:00pm,Indie,20 Kingston St ,42.3969039,-71.12609072765389,"https://maps.google.com/?q=42.3969039,-71.12609072765389"
Chandler Street Jazz Ensemble,12:00pm – 12:45pm,Jazz,32 Chandler Street ,42.39906365,-71.1219378020119,"https://maps.google.com/?q=42.39906365,-71.1219378020119"
Chloe Borsody,12:00pm – 2:00pm,Americana,47 Grove street ,42.396434049999996,-71.11984745000001,"https://maps.google.com/?q=42.396434049999996,-71.11984745000001"
Conch Republic,12:00pm – 2:00pm,Rock,60 Wallace St ,42.3997089,-71.12225964999999,"https://maps.google.com/?q=42.3997089,-71.12225964999999"
Das & Friends,12:00pm – 2:00pm,Singer/songwriter,51 Grove St ,42.39652255,-71.11980325181395,"https://maps.google.com/?q=42.39652255,-71.11980325181395"
dayes,12:00pm – 2:00pm,Indie,41 Corinthian Rd ,42.4005446,-71.12406201124533,"https://maps.google.com/?q=42.4005446,-71.12406201124533"
Doc Huth and the Uncouth Youth,12:00pm – 2:00pm,"Americana, Bluegrass, Folk",72 Simpson Ave ,42.401205649999994,-71.12269595,"https://maps.google.com/?q=42.401205649999994,-71.12269595"
Echo Bridge,12:00pm – 2:00pm,Americana,45 Russell St ,42.39341365,-71.12183151164821,"https://maps.google.com/?q=42.39341365,-71.12183151164821"
Eight Foot Manchild,12:00pm – 2:00pm,Metal,46 Moore St ,42.401061799999994,-71.12801703025485,"https://maps.google.com/?q=42.401061799999994,-71.12801703025485"
Even Jucier,12:00pm – 1:30pm,Rock,2 Appleton St ,42.3967432104766,-71.11648277362103,"https://maps.google.com/?q=42.3967432104766,-71.11648277362103"
Fai Laci,12:00pm – 2:00pm,Rock,31 Winter St ,42.39777155,-71.1232218,"https://maps.google.com/?q=42.39777155,-71.1232218"
Fells Brothers,12:00pm – 2:00pm,"Americana, Indie, Singer/songwriter",23 Packard Ave ,42.40297675,-71.12421918788462,"https://maps.google.com/?q=42.40297675,-71.12421918788462"
Fly By Brass Band,12:00pm – 2:00pm,Americana,28 Foskett St ,42.3971492,-71.11621503201755,"https://maps.google.com/?q=42.3971492,-71.11621503201755"
Foamflower,12:00pm – 2:00pm,Rock,38 Bay State Ave ,42.3992344,-71.11500569553166,"https://maps.google.com/?q=42.3992344,-71.11500569553166"
Ghost Town,12:00pm – 2:00pm,Funk,30 Conwell Avenue ,42.4071831,-71.12629119713847,"https://maps.google.com/?q=42.4071831,-71.12629119713847"
GloveBalks,12:00pm – 2:00pm,Rock,173 Morrison Ave ,42.396909750000006,-71.1183734,"https://maps.google.com/?q=42.396909750000006,-71.1183734"
Good Day for Greg,12:00pm – 2:00pm,Punk,50 Foskett St ,42.3975542,-71.11711795193968,"https://maps.google.com/?q=42.3975542,-71.11711795193968"
Good Trouble Brass Band,12:00pm – 2:00pm,Funk,1060 Broadway ,42.4016737,-71.12506785765294,"https://maps.google.com/?q=42.4016737,-71.12506785765294"
Gov't Disco,12:00pm – 2:00pm,Indie,173 Morrison Ave ,42.396909750000006,-71.1183734,"https://maps.google.com/?q=42.396909750000006,-71.1183734"
Graham Sahagian and Pat Convery,12:00pm – 12:30pm,Indie,9 Westminster St ,42.403318049999996,-71.12597635061664,"https://maps.google.com/?q=42.403318049999996,-71.12597635061664"
Graveyard of the Atlantic,12:00pm – 2:00pm,Indie,38 Meacham Rd ,42.39606615,-71.12565758915878,"https://maps.google.com/?q=42.39606615,-71.12565758915878"
Hot Lunch,12:00pm – 2:00pm,Rock,158 Morrison Ave ,42.3964487,-71.11810568385826,"https://maps.google.com/?q=42.3964487,-71.11810568385826"
Hush Club,12:00pm – 2:00pm,Indie,201 Holland St ,42.40166865,-71.12620325,"https://maps.google.com/?q=42.40166865,-71.12620325"
Jan Marie & The Mean Reds,12:00pm – 2:00pm,Americana,14 St James Ave ,42.39237105,-71.11917950355691,"https://maps.google.com/?q=42.39237105,-71.11917950355691"
Jazz Rats,12:00pm – 2:00pm,Jazz,14 Ellington Rd ,42.395504700000004,-71.11890126699163,"https://maps.google.com/?q=42.395504700000004,-71.11890126699163"
JENT,12:00pm – 2:00pm,Pop,15 Hall Ave ,42.39818235,-71.12007146902565,"https://maps.google.com/?q=42.39818235,-71.12007146902565"
Jordan Lampert,12:00pm – 12:30pm,"Pop, Punk, Rock",65 Conwell Ave ,42.408008800000005,-71.12766515,"https://maps.google.com/?q=42.408008800000005,-71.12766515"
Karima and the Boys,12:00pm – 2:00pm,Blues,67 Winslow Ave ,42.39623885,-71.11895294009325,"https://maps.google.com/?q=42.39623885,-71.11895294009325"
Leonard Da Vincis,12:00pm – 1:30pm,Rock,15 Leonard St ,42.4015069,-71.12033316662469,"https://maps.google.com/?q=42.4015069,-71.12033316662469"
Lowden Sound,12:00pm – 2:00pm,Indie,82 Lowden Ave ,42.3975572,-71.11521805690121,"https://maps.google.com/?q=42.3975572,-71.11521805690121"
Luigi's Fishtank,12:00pm – 2:00pm,Rock,51 Russell St ,42.39359605,-71.1215020519085,"https://maps.google.com/?q=42.39359605,-71.1215020519085"
MARS,12:00pm – 2:00pm,Rock,71 Wallace St ,42.39989035000001,-71.1216392972602,"https://maps.google.com/?q=42.39989035000001,-71.1216392972602"
Matt Sheehan and Friends,12:00pm – 2:00pm,"Americana, Blues, Country, Pop, Rock, R&B, Singer/songwriter, Soul",18 Westminster Street ,42.40362155,-71.12624990497194,"https://maps.google.com/?q=42.40362155,-71.12624990497194"
Michael Boezi & The Stipulations,12:00pm – 2:00pm,Indie,5 Hall Ave ,42.398343350000005,-71.12053485,"https://maps.google.com/?q=42.398343350000005,-71.12053485"
Michael Maloney,12:00pm – 2:00pm,Pop,30 Newbury St ,42.40198435,-71.12803692395832,"https://maps.google.com/?q=42.40198435,-71.12803692395832"
Miss Bones,12:00pm – 1:00pm,Rock,8 Russell Rd ,42.40515585,-71.1295161498933,"https://maps.google.com/?q=42.40515585,-71.1295161498933"
Mnemonist,12:00pm – 1:00pm,Indie,15 Garrison Ave ,42.404830849999996,-71.13109894606384,"https://maps.google.com/?q=42.404830849999996,-71.13109894606384"
Molasses Disaster,12:00pm – 2:00pm,Indie,70 Bromfield Rd. ,42.40361875,-71.11655284199752,"https://maps.google.com/?q=42.40361875,-71.11655284199752"
Moretti Family Band,12:00pm – 2:00pm,Rock,68 Chandler St ,42.4001837,-71.12084935,"https://maps.google.com/?q=42.4001837,-71.12084935"
Morningside Music Studio Ensembles,12:00pm – 2:00pm,Jazz,58 Newbury St ,42.401086750000005,-71.12913209720762,"https://maps.google.com/?q=42.401086750000005,-71.12913209720762"
My Midlife Crisis,12:00pm – 2:00pm,Indie,5 Hall Ave ,42.398343350000005,-71.12053485,"https://maps.google.com/?q=42.398343350000005,-71.12053485"
Nev4there,12:00pm – 2:00pm,Electronic,61 Winslow Ave ,42.39633245,-71.11920840652512,"https://maps.google.com/?q=42.39633245,-71.11920840652512"
Niteshade,12:00pm – 2:00pm,Funk,21 Burnham St ,42.4018529,-71.12112369821429,"https://maps.google.com/?q=42.4018529,-71.12112369821429"
NOTADOG,12:00pm – 1:59pm,Punk,65 Conwell Ave ,42.408008800000005,-71.12766515,"https://maps.google.com/?q=42.408008800000005,-71.12766515"
One Time Weekend,12:00pm – 1:30pm,Rock,44 Walker St ,42.40138005,-71.11965544974314,"https://maps.google.com/?q=42.40138005,-71.11965544974314"
One Time Weekend,12:00pm – 1:30pm,Rock,44 Walker St ,42.40138005,-71.11965544974314,"https://maps.google.com/?q=42.40138005,-71.11965544974314"
Our Neighbours Will Be Thrilled,12:00pm – 2:00pm,Pop,90 Orchard St ,42.39295115,-71.12269555,"https://maps.google.com/?q=42.39295115,-71.12269555"
Parallel Beats Sound System,12:00pm – 2:00pm,"Electronic, Funk, Hip hop, Jazz, Soul, World",29 Elston St ,42.393257000000006,-71.11893348966663,"https://maps.google.com/?q=42.393257000000006,-71.11893348966663"
Populace,12:00pm – 2:00pm,Funk,44 Clarendon Ave ,42.40214675,-71.12888616781078,"https://maps.google.com/?q=42.40214675,-71.12888616781078"
Proper Degorham,12:00pm – 1:00pm,Americana,39 Gorham St ,42.39889482285266,-71.1259840389518,"https://maps.google.com/?q=42.39889482285266,-71.1259840389518"
Pyramid Scheme,12:00pm – 2:00pm,Indie,41 Bay State Avenue ,42.3992863,-71.11546464371004,"https://maps.google.com/?q=42.3992863,-71.11546464371004"
Radio Unfriendly,12:00pm – 2:00pm,"Metal, Rock",105 Orchard St ,42.393782349999995,-71.12304909083022,"https://maps.google.com/?q=42.393782349999995,-71.12304909083022"
Raggie Mogers,12:00pm – 2:00pm,Pop,55 Paulina St ,42.400848030874755,-71.12447804198962,"https://maps.google.com/?q=42.400848030874755,-71.12447804198962"
Railyard Haunts,12:00pm – 2:00pm,Rock,44 Liberty Ave ,42.39933945,-71.1159154,"https://maps.google.com/?q=42.39933945,-71.1159154"
Ramble on Rose,12:00pm – 2:00pm,"Americana, Rock",40 College Ave ,42.39814835,-71.12171382412683,"https://maps.google.com/?q=42.39814835,-71.12171382412683"
Ruby Grove,12:00pm – 2:00pm,"Indie, Rock",78 Chandler St ,42.4004021,-71.12064595260003,"https://maps.google.com/?q=42.4004021,-71.12064595260003"
Sam Reid and the Riot Act,12:00pm – 2:00pm,Bluegrass,10 Irving Street ,42.398938099999995,-71.12397051218949,"https://maps.google.com/?q=42.398938099999995,-71.12397051218949"
Scrivener,12:00pm – 12:30pm,Indie,36 Pearson Rd ,42.40161965,-71.11497495525094,"https://maps.google.com/?q=42.40161965,-71.11497495525094"
Shaggy Goats / Toby Tantrum,12:00pm – 2:00pm,Indie,135 Morrison Avenue ,42.39629175,-71.11682316701304,"https://maps.google.com/?q=42.39629175,-71.11682316701304"
Shifty McGifty and Maybe Friends,12:00pm – 2:00pm,Singer/songwriter,78 Pearson Ave ,42.397152000000006,-71.11143324782867,"https://maps.google.com/?q=42.397152000000006,-71.11143324782867"
Small House,12:00pm – 2:00pm,Rock,12 Windom St ,42.393308149999996,-71.12010805632963,"https://maps.google.com/?q=42.393308149999996,-71.12010805632963"
Sound Advice,12:00pm – 2:00pm,Rock,25 Walker Street ,42.401467249999996,-71.11873436132873,"https://maps.google.com/?q=42.401467249999996,-71.11873436132873"
Sound Advice,12:00pm – 1:00pm,Rock,25 Walker Street ,42.401467249999996,-71.11873436132873,"https://maps.google.com/?q=42.401467249999996,-71.11873436132873"
Space bar,12:00pm – 2:00pm,Rock,22 Barton St ,42.4062279,-71.13043795013654,"https://maps.google.com/?q=42.4062279,-71.13043795013654"
Space Casino and Gale,12:00pm – 2:00pm,"Indie, Pop, Rock",12 Curtis St ,42.40386515,-71.1271655991554,"https://maps.google.com/?q=42.40386515,-71.1271655991554"
Spacebar,12:00pm – 2:00pm,"Blues, Indie, Rock",22 Barton St ,42.4062279,-71.13043795013654,"https://maps.google.com/?q=42.4062279,-71.13043795013654"
Stadia (first band); Carey (second band),12:00pm – 1:30pm,Indie,55 Liberty Ave ,42.39912205,-71.11654370253606,"https://maps.google.com/?q=42.39912205,-71.11654370253606"
State Parque,12:00pm – 2:00pm,Rock,142 Holland St ,42.40004690000001,-71.12570586049837,"https://maps.google.com/?q=42.40004690000001,-71.12570586049837"
Stock Goblin,12:00pm – 2:00pm,Indie,73 Hall Ave ,42.397349500000004,-71.11773367293824,"https://maps.google.com/?q=42.397349500000004,-71.11773367293824"
Strung Out Committee,12:00pm – 2:00pm,Rock,22 Ossipee Rd ,42.4031871,-71.12274975,"https://maps.google.com/?q=42.4031871,-71.12274975"
Switch Angel,12:00pm – 1:00pm,Electronic,103 Raymond Ave ,42.40792325,-71.12942954908016,"https://maps.google.com/?q=42.40792325,-71.12942954908016"
Talking Deads,12:00pm – 2:00pm,Rock,32 Whitman Street ,42.40225565,-71.12355963551431,"https://maps.google.com/?q=42.40225565,-71.12355963551431"
The 4th Story,12:00pm – 2:00pm,Singer/songwriter,57 Chandler St ,42.3996042,-71.1209918952413,"https://maps.google.com/?q=42.3996042,-71.1209918952413"
The Appleton Trio,12:00pm – 2:00pm,Classical,43 Russell Road ,42.4060051,-71.12849534705597,"https://maps.google.com/?q=42.4060051,-71.12849534705597"
The Bare Minimums,12:00pm – 2:00pm,Rock,42 Conwell Ave ,42.40738025,-71.12679148669365,"https://maps.google.com/?q=42.40738025,-71.12679148669365"
The Buzz,12:00pm – 2:00pm,Rock,23 Gordon St ,42.41241185,-71.12819361799228,"https://maps.google.com/?q=42.41241185,-71.12819361799228"
The Claustrophiliacs,12:00pm – 2:00pm,Rock,40 Thorndike St ,42.39716635,-71.1255571,"https://maps.google.com/?q=42.39716635,-71.1255571"
The Craigtones,12:00pm – 2:00pm,Funk,32 Cameron Ave ,42.39983495,-71.12716953975107,"https://maps.google.com/?q=42.39983495,-71.12716953975107"
The Ghost Truckers,12:00pm – 2:00pm,"Americana, Country, Rock",70 Howard St ,42.39785232056078,-71.12591056542105,"https://maps.google.com/?q=42.39785232056078,-71.12591056542105"
The Glue Factory,12:00pm – 2:00pm,Americana,98 Holland St ,42.398898149999994,-71.12474546934737,"https://maps.google.com/?q=42.398898149999994,-71.12474546934737"
The Harmonic Modes,12:00pm – 2:00pm,Pop,"33 Bay State Ave, Somerville, MA, USA ",,,
The Homogenous Oatmeal Experience,12:00pm – 1:30pm,Indie,79 Ossipee Rd ,42.4045294,-71.12500831174412,"https://maps.google.com/?q=42.4045294,-71.12500831174412"
The Institute,12:00pm – 2:00pm,Electronic,31 Winter St ,42.39777155,-71.1232218,"https://maps.google.com/?q=42.39777155,-71.1232218"
The Lucky 88s,12:00pm – 2:00pm,Rock,88 Bay State Ave ,42.3976146,-71.11611150591838,"https://maps.google.com/?q=42.3976146,-71.11611150591838"
The Painted World w/Ben Hanson,12:00pm – 2:00pm,Singer/songwriter,45 Walker St ,42.40167435,-71.11950558066437,"https://maps.google.com/?q=42.40167435,-71.11950558066437"
The Paper Trails,12:00pm – 2:00pm,Rock,23 Appleton St ,42.39700805,-71.11667933101751,"https://maps.google.com/?q=42.39700805,-71.11667933101751"
The Rockery,12:00pm – 2:00pm,Rock,80 Electric Ave ,42.40358305,-71.12522518442208,"https://maps.google.com/?q=42.40358305,-71.12522518442208"
The Roscoes,12:00pm – 2:00pm,Rock,26 Moore St ,42.401588849999996,-71.1274564,"https://maps.google.com/?q=42.401588849999996,-71.1274564"
The Sideyardigans,12:00pm – 2:00pm,"Country, Rock",5 Claremon Street ,42.40162775,-71.12693830912903,"https://maps.google.com/?q=42.40162775,-71.12693830912903"
The Slow Down,12:00pm – 2:00pm,R&B,14 william street ,42.3992923,-71.12048688805555,"https://maps.google.com/?q=42.3992923,-71.12048688805555"
The Uptown Downbeats,12:00pm – 2:00pm,Jazz,51 Waterhouse St ,42.40464205,-71.13333359652783,"https://maps.google.com/?q=42.40464205,-71.13333359652783"
The Wildflowers,12:00pm – 1:00pm,Folk,23 Mason St ,42.402105000000006,-71.12178060826109,"https://maps.google.com/?q=42.402105000000006,-71.12178060826109"
The Yardbarkers,12:00pm – 2:00pm,"Folk, Indie, Rock",14 Bay State Ave ,42.4000417,-71.11447905130247,"https://maps.google.com/?q=42.4000417,-71.11447905130247"
TimmyG,12:00pm – 1:00pm,Electronic,40 Hall Ave ,42.398110450000004,-71.11888885639257,"https://maps.google.com/?q=42.398110450000004,-71.11888885639257"
Tufts Greek Music Ensemble,12:00pm – 2:00pm,World,19 Teele Ave ,42.4055422,-71.12388127977599,"https://maps.google.com/?q=42.4055422,-71.12388127977599"
twangy turtles,12:00pm – 1:00pm,"Classical, Folk, Singer/songwriter",10 Clarendon Ave ,42.40300705,-71.12786176101547,"https://maps.google.com/?q=42.40300705,-71.12786176101547"
Vic Taylor x Matt Lab,12:00pm – 2:00pm,Country,22 Malvern Ave ,42.4000963,-71.1289228,"https://maps.google.com/?q=42.4000963,-71.1289228"
Washington Square Jazz Quartet,12:00pm – 2:00pm,Jazz,34 Winslow Ave ,42.39700125,-71.1201412,"https://maps.google.com/?q=42.39700125,-71.1201412"
Weasel Collider,12:00pm – 2:00pm,Rock,126 Hillsdale Rd ,42.40857365,-71.12640360458806,"https://maps.google.com/?q=42.40857365,-71.12640360458806"
Wes Nickerson and Friends,12:00pm – 2:00pm,,69 Dover St ,42.395984350000006,-71.1249430849274,"https://maps.google.com/?q=42.395984350000006,-71.1249430849274"
WHEREDITGO,12:00pm – 2:00pm,Hip hop,118 Holland St ,42.399316150000004,-71.12516313490332,"https://maps.google.com/?q=42.399316150000004,-71.12516313490332"
Winslow Recorder Orchestra,12:00pm – 2:00pm,Classical,80 Winslow Ave ,42.3962334,-71.11814645168522,"https://maps.google.com/?q=42.3962334,-71.11814645168522"
Wisterio,12:00pm – 2:00pm,Rock,47 Gorham St ,42.39889482285266,-71.1259840389518,"https://maps.google.com/?q=42.39889482285266,-71.1259840389518"
Your Best Nightmare,12:00pm – 1:00pm,"Folk, Indie",9 Newbury St ,42.4027912,-71.12761017980911,"https://maps.google.com/?q=42.4027912,-71.12761017980911"
Will Johnson,12:10pm – 1:00pm,Indie,31 Chandler St ,42.3988691,-71.12163260213794,"https://maps.google.com/?q=42.3988691,-71.12163260213794"
Honest Bob and the Factory-to-Dealer Incentives,12:15pm – 1:15pm,Indie,32 Gorham St ,42.39881475,-71.1258065016892,"https://maps.google.com/?q=42.39881475,-71.1258065016892"
Jesse Matthew Taylor,12:15pm – 1:30pm,Rock,29 Walker St. ,42.4015056,-71.11886799999999,"https://maps.google.com/?q=42.4015056,-71.11886799999999"
Karaoke Wonderland,12:15pm – 1:45pm,Pop,182 Morrison Ave ,42.39682635,-71.11904031047942,"https://maps.google.com/?q=42.39682635,-71.11904031047942"
Keyon & The Associates,12:15pm – 2:00pm,Indie,48 Kidder Ave ,42.398779649999994,-71.11681538141892,"https://maps.google.com/?q=42.398779649999994,-71.11681538141892"
ant soup,12:30pm – 1:30pm,"Indie, Pop",23 Cottage Ave ,42.394290100000006,-71.12234425,"https://maps.google.com/?q=42.394290100000006,-71.12234425"
brattle,12:30pm – 1:30pm,Rock,52 Liberty Avenue ,42.3990986,-71.11606084732043,"https://maps.google.com/?q=42.3990986,-71.11606084732043"
Diminished Fourth,12:30pm – 1:50pm,"Classical, Folk",20 Fairfax St ,42.41101215,-71.12892977104131,"https://maps.google.com/?q=42.41101215,-71.12892977104131"
Ensemble InEdit,12:30pm – 1:00pm,Electronic,95 Yorktown St ,42.4003064,-71.1295037115573,"https://maps.google.com/?q=42.4003064,-71.1295037115573"
Friends From Work,12:30pm – 1:30pm,"Country, Indie, Pop, Rock",58 Bromfield Rd ,42.403264300000004,-71.1165044181372,"https://maps.google.com/?q=42.403264300000004,-71.1165044181372"
Niagara Moon,12:30pm – 2:00pm,Folk,51 St James Ave ,42.39349275,-71.1179346513052,"https://maps.google.com/?q=42.39349275,-71.1179346513052"
Reading Room,12:30pm – 1:30pm,Indie,1 Watson St ,42.40439875,-71.12888620988215,"https://maps.google.com/?q=42.40439875,-71.12888620988215"
Sebastian Coates,12:30pm – 2:00pm,Jazz,186 Morrison Ave ,42.396847550000004,-71.11923952628413,"https://maps.google.com/?q=42.396847550000004,-71.11923952628413"
The Bros Grym,12:30pm – 2:00pm,Americana,9 Walker Street ,42.401224,-71.1181205,"https://maps.google.com/?q=42.401224,-71.1181205"
The Timmy D Experience,12:30pm – 1:30pm,Pop,99 Raymond Ave ,42.4078758,-71.12927974284639,"https://maps.google.com/?q=42.4078758,-71.12927974284639"
Wet the Evil,12:30pm – 1:00pm,Metal,11 Pearson Rd ,42.4010267,-71.11405654999999,"https://maps.google.com/?q=42.4010267,-71.11405654999999"
Mallcops,12:45pm – 2:00pm,Indie,19 Hall Ave ,42.398092,-71.11986963084664,"https://maps.google.com/?q=42.398092,-71.11986963084664"
Alex & the People,1:00pm – 2:00pm,Rock,15 Garrison Ave ,42.404830849999996,-71.13109894606384,"https://maps.google.com/?q=42.404830849999996,-71.13109894606384"
Around My Apartment,1:00pm – 2:00pm,Rock,14 Kenwood St ,42.4003048,-71.11869020097225,"https://maps.google.com/?q=42.4003048,-71.11869020097225"
Brassterisk,1:00pm – 2:00pm,Americana,56 Wallace St ,42.3996228,-71.12238995000001,"https://maps.google.com/?q=42.3996228,-71.12238995000001"
Captain Oak,1:00pm – 2:00pm,Americana,56 Farragut Ave ,42.40325085,-71.13136805490483,"https://maps.google.com/?q=42.40325085,-71.13136805490483"
Crowfeeder,1:00pm – 1:45pm,Metal,16 Cady Ave ,42.400156949999996,-71.12438889883992,"https://maps.google.com/?q=42.400156949999996,-71.12438889883992"
Fletcheros,1:00pm – 2:00pm,World,38 Chetwynd Rd ,42.4082975,-71.12570844999999,"https://maps.google.com/?q=42.4082975,-71.12570844999999"
Gold Rush,1:00pm – 2:00pm,Punk,40 Hall Avenue ,42.398110450000004,-71.11888885639257,"https://maps.google.com/?q=42.398110450000004,-71.11888885639257"
Jamaica Plain Honk Band,1:00pm – 2:00pm,Jazz,32 Chandler Street ,42.39906365,-71.1219378020119,"https://maps.google.com/?q=42.39906365,-71.1219378020119"
Mother Fungus,1:00pm – 1:50pm,Rock,11 Pearson Rd ,42.4010267,-71.11405654999999,"https://maps.google.com/?q=42.4010267,-71.11405654999999"
Muck Fit,1:00pm – 2:00pm,Rock,11 Simpson Ave ,42.399327799999995,-71.12404699447403,"https://maps.google.com/?q=42.399327799999995,-71.12404699447403"
Muddy Ruckus with Barry Rothman,1:00pm – 3:00pm,Rock,93 Kidder Ave ,42.397804449999995,-71.11509493850131,"https://maps.google.com/?q=42.397804449999995,-71.11509493850131"
Osprey Creek,1:00pm – 2:00pm,Country,10 Lovell St ,42.40306335,-71.1256691,"https://maps.google.com/?q=42.40306335,-71.1256691"
Phil and the Flying Leap,1:00pm – 2:00pm,Singer/songwriter,36 Pearson Rd ,42.40161965,-71.11497495525094,"https://maps.google.com/?q=42.40161965,-71.11497495525094"
POLЯ,1:00pm – 1:45pm,Singer/songwriter,154 North St ,42.4106423,-71.12833195774365,"https://maps.google.com/?q=42.4106423,-71.12833195774365"
Really Great,1:00pm – 1:30pm,Indie,62 Gorham St ,42.39889482285266,-71.1259840389518,"https://maps.google.com/?q=42.39889482285266,-71.1259840389518"
Summer Fling,1:00pm – 2:00pm,Pop,25 Walker St ,42.401467249999996,-71.11873436132873,"https://maps.google.com/?q=42.401467249999996,-71.11873436132873"
The Brio,1:00pm – 2:00pm,Jazz,101 Raymond Ave ,42.40792325,-71.12942954908016,"https://maps.google.com/?q=42.40792325,-71.12942954908016"
Tusken and the Raiders,1:00pm – 2:00pm,Rock,142 Holland St ,42.40004690000001,-71.12570586049837,"https://maps.google.com/?q=42.40004690000001,-71.12570586049837"
Leaf and Machine,1:20pm – 2:00pm,Indie,9 Newbury Street ,42.4027912,-71.12761017980911,"https://maps.google.com/?q=42.4027912,-71.12761017980911"
Hope Symphony,1:30pm – 2:00pm,"Jazz, Metal",142 Orchard St ,42.3951316,-71.1253519573549,"https://maps.google.com/?q=42.3951316,-71.1253519573549"
They They,1:30pm – 2:00pm,Indie,166 Curtis St ,42.408885749999996,-71.12377720933435,"https://maps.google.com/?q=42.408885749999996,-71.12377720933435"
ALDRA,2:00pm – 4:00pm,Rock,32 Tower St ,42.3894668,-71.1092066,"https://maps.google.com/?q=42.3894668,-71.1092066"
Allie’s House Band,2:00pm – 4:00pm,Rock,24 Wilton St ,42.3946475,-71.10616939724491,"https://maps.google.com/?q=42.3946475,-71.10616939724491"
Allure,2:00pm – 4:00pm,"Indie, Rock",33 Hancock St ,42.391108599999995,-71.11599215277093,"https://maps.google.com/?q=42.391108599999995,-71.11599215277093"
Andrew Mason McIntosh & Friends,2:00pm – 4:00pm,"Rock, Singer/songwriter",7 Lexington Ave ,42.393650300000004,-71.111864,"https://maps.google.com/?q=42.393650300000004,-71.111864"
Antarctica,2:00pm – 4:00pm,Pop,10 Lesley Ave ,42.3940689,-71.11542053669602,"https://maps.google.com/?q=42.3940689,-71.11542053669602"
Audiogram,2:00pm – 3:00pm,Rock,10 Richardson Terrace ,42.39621915,-71.1049077518797,"https://maps.google.com/?q=42.39621915,-71.1049077518797"
Baabes,2:00pm – 4:00pm,Punk,18 Charnwood Rd ,42.39297515,-71.11655827656763,"https://maps.google.com/?q=42.39297515,-71.11655827656763"
Banned,2:00pm – 3:30pm,Rock,96 Porter St ,42.39029265,-71.11106495335181,"https://maps.google.com/?q=42.39029265,-71.11106495335181"
Becca and Eli formerly known as Eli and Becca,2:00pm – 2:15pm,Folk,23 Monmouth St ,42.3858479,-71.10663142684382,"https://maps.google.com/?q=42.3858479,-71.10663142684382"
Bell System & Pals,2:00pm – 4:00pm,Electronic,26 Hudson St ,42.3896152,-71.10441101561256,"https://maps.google.com/?q=42.3896152,-71.10441101561256"
Black & Bluez,2:00pm – 4:00pm,Rock,25 Burnside Ave ,42.391057849999996,-71.11688280360882,"https://maps.google.com/?q=42.391057849999996,-71.11688280360882"
Blake & Emmy's Wedding Band (& Friends),2:00pm – 4:00pm,Indie,87 Belmont St ,42.38857975,-71.10782953139602,"https://maps.google.com/?q=42.38857975,-71.10782953139602"
Blue Clouds Boston,2:00pm – 4:00pm,Indie,74 Boston Avenue ,42.39690235,-71.11005832037037,"https://maps.google.com/?q=42.39690235,-71.11005832037037"
Blue Light Bandits,2:00pm – 4:00pm,Rock,68 Albion St ,42.3907953,-71.10607726752731,"https://maps.google.com/?q=42.3907953,-71.10607726752731"
Calcifer,2:00pm – 4:00pm,Jazz,81 Boston Avenue ,42.3970184,-71.1095448959432,"https://maps.google.com/?q=42.3970184,-71.1095448959432"
Cat Ridgeway and the Tourists; Friend of a Friend,2:00pm – 4:00pm,Rock,10 Lowell Cir ,42.38751548319808,-71.1101255491446,"https://maps.google.com/?q=42.38751548319808,-71.1101255491446"
Change Order,2:00pm – 3:45pm,Rock,30 Josephine Ave ,42.39647405,-71.11453244796122,"https://maps.google.com/?q=42.39647405,-71.11453244796122"
Cheer Camp,2:00pm – 4:00pm,Punk,47 Rogers Ave ,42.39691045,-71.11292344590353,"https://maps.google.com/?q=42.39691045,-71.11292344590353"
Cherry Pits / Mix-O-Lydian's,2:00pm – 4:00pm,"Funk, Rock",47 Cherry St ,42.391732000000005,-71.11452804999999,"https://maps.google.com/?q=42.391732000000005,-71.11452804999999"
Chris Wagner -Solo Acoustic Artist,2:00pm – 3:00pm,Rock,10 Lowell Terrace ,42.39594555,-71.10470328691082,"https://maps.google.com/?q=42.39594555,-71.10470328691082"
Cinecam & Boston EDM DJs,2:00pm – 4:00pm,Electronic,11 Clyde St ,42.3949303,-71.10988825414299,"https://maps.google.com/?q=42.3949303,-71.10988825414299"
Circuit Happy & Friends Quadraphonic Chillout,2:00pm – 4:00pm,Electronic,46 Alpine St ,42.39324255,-71.10920598120455,"https://maps.google.com/?q=42.39324255,-71.10920598120455"
Class President,2:00pm – 4:00pm,Rock,50 Porter St. ,42.38889935,-71.11209999931305,"https://maps.google.com/?q=42.38889935,-71.11209999931305"
Clever Hans,2:00pm – 4:00pm,Rock,15 Harrison St ,42.38196245,-71.10894239999999,"https://maps.google.com/?q=42.38196245,-71.10894239999999"
Combo Combo,2:00pm – 4:00pm,Jazz,44 Linden Ave ,42.389318,-71.11326330661791,"https://maps.google.com/?q=42.389318,-71.11326330661791"
Cousin Walk,2:00pm – 4:00pm,"Folk, Indie, Pop, Singer/songwriter",45 Charnwood Rd ,42.3922443,-71.11564562086369,"https://maps.google.com/?q=42.3922443,-71.11564562086369"
Craigie Street Crew (Featuring the Baldwin Singers),2:00pm – 4:00pm,Folk,52 Craigie St ,42.3872671,-71.11173385568964,"https://maps.google.com/?q=42.3872671,-71.11173385568964"
Crash Out and the Boys,2:00pm – 3:00pm,Indie,504 Medford St ,42.391532306209925,-71.09962190030787,"https://maps.google.com/?q=42.391532306209925,-71.09962190030787"
Crush,2:00pm – 4:00pm,Rock,50 Benton Rd ,42.38863885,-71.10574889657593,"https://maps.google.com/?q=42.38863885,-71.10574889657593"
Dadda,2:00pm – 4:00pm,Rock,60 MURDOCK ST ,42.394732950000005,-71.10801906986694,"https://maps.google.com/?q=42.394732950000005,-71.10801906986694"
Dadda,2:00pm – 4:00pm,Rock,60 Murdock St ,42.394732950000005,-71.10801906986694,"https://maps.google.com/?q=42.394732950000005,-71.10801906986694"
David Dominiq,2:00pm – 4:00pm,Pop,91 Sacramento Street ,42.383732949999995,-71.112571357356,"https://maps.google.com/?q=42.383732949999995,-71.112571357356"
Deep Dish,2:00pm – 4:00pm,Singer/songwriter,11 Greenwood Terrace ,42.38529785,-71.11405805000001,"https://maps.google.com/?q=42.38529785,-71.11405805000001"
Defiant Together,2:00pm – 4:00pm,Folk,74 Rogers Ave ,42.3978822,-71.1127525025224,"https://maps.google.com/?q=42.3978822,-71.1127525025224"
Dr. Beaver 鬍子醫生,2:00pm – 4:00pm,"Country, Folk, Pop, Singer/songwriter",9 Spencer Ave ,42.393183300000004,-71.11240165407173,"https://maps.google.com/?q=42.393183300000004,-71.11240165407173"
Drink Water,2:00pm – 3:30pm,Funk,14 Henry Ave ,42.39442675,-71.11597374652946,"https://maps.google.com/?q=42.39442675,-71.11597374652946"
East Hill Band,2:00pm – 3:59pm,"Americana, Blues, Rock",35 Burnside Ave ,42.39134795,-71.11665274518467,"https://maps.google.com/?q=42.39134795,-71.11665274518467"
East Rock Brass Band,2:00pm – 4:00pm,Jazz,163 Hudson St ,42.3925266,-71.11093340166028,"https://maps.google.com/?q=42.3925266,-71.11093340166028"
EBA,2:00pm – 4:00pm,Jazz,49 Albion St ,42.390750100000005,-71.10501892436486,"https://maps.google.com/?q=42.390750100000005,-71.10501892436486"
Eva Gertz and Talia Rose,2:00pm – 4:00pm,Singer/songwriter,97 Rogers Ave ,42.398387150000005,-71.11192415,"https://maps.google.com/?q=42.398387150000005,-71.11192415"
Evan Connolly,2:00pm – 4:00pm,Folk,2 Carver St ,42.3877288,-71.11286284874774,"https://maps.google.com/?q=42.3877288,-71.11286284874774"
Feather Weather,2:00pm – 4:00pm,Funk,65 Alpine St ,42.3926801,-71.1085770562379,"https://maps.google.com/?q=42.3926801,-71.1085770562379"
Frank Obermeyer,2:00pm – 3:00pm,Singer/songwriter,23 Conwell St ,42.390755,-71.11168175,"https://maps.google.com/?q=42.390755,-71.11168175"
Fü double-hockey sticks,2:00pm – 4:00pm,"Funk, Rock, Singer/songwriter",18 Cherry St ,42.39011955,-71.11608666838285,"https://maps.google.com/?q=42.39011955,-71.11608666838285"
Funk Safari,2:00pm – 4:00pm,Funk,78 Albion Street ,42.390983199999994,-71.10655310967272,"https://maps.google.com/?q=42.390983199999994,-71.10655310967272"
Further Notice,2:00pm – 4:00pm,Funk,21 Sartwell Ave ,42.38984355,-71.1152632123733,"https://maps.google.com/?q=42.38984355,-71.1152632123733"
Girl Scout Cookies / Automatic Laundry,2:00pm – 4:00pm,Rock,51 Prichard Ave ,42.39616345,-71.11088453282218,"https://maps.google.com/?q=42.39616345,-71.11088453282218"
Groove Theory,2:00pm – 4:00pm,Jazz,48 Belmont St ,42.386819599999995,-71.10968842268171,"https://maps.google.com/?q=42.386819599999995,-71.10968842268171"
Hoppers,2:00pm – 4:00pm,Electronic,102 Morrison Ave ,42.3953971,-71.1153415,"https://maps.google.com/?q=42.3953971,-71.1153415"
Hot Sauce Rhythm and Blues,2:00pm – 3:15pm,R&B,52 Hinckley St ,42.395743949999996,-71.10607100000001,"https://maps.google.com/?q=42.395743949999996,-71.10607100000001"
Hot Start,2:00pm – 3:00pm,Indie,35 Rogers Ave ,42.396505950000005,-71.11321369669186,"https://maps.google.com/?q=42.396505950000005,-71.11321369669186"
Hot Take,2:00pm – 4:00pm,,111 Highland Road ,42.3979192,-71.11129265,"https://maps.google.com/?q=42.3979192,-71.11129265"
House Husband,2:00pm – 4:00pm,Pop,80 Craigie St ,42.388210799999996,-71.11100821927236,"https://maps.google.com/?q=42.388210799999996,-71.11100821927236"
Hummingbyrd,2:00pm – 4:00pm,Americana,32 Spencer Ave ,42.3932456,-71.11339088077756,"https://maps.google.com/?q=42.3932456,-71.11339088077756"
Husbands,2:00pm – 4:00pm,Indie,18 Silvey Pl ,42.387292,-71.1105579232019,"https://maps.google.com/?q=42.387292,-71.1105579232019"
Hush Honey,2:00pm – 2:45pm,Blues,46 Rogers Ave ,42.3970477,-71.11329245,"https://maps.google.com/?q=42.3970477,-71.11329245"
Island of Alaska,2:00pm – 4:00pm,Rock,4 Rogers Ave ,42.39564755,-71.11424894691558,"https://maps.google.com/?q=42.39564755,-71.11424894691558"
J-Renee,2:00pm – 4:00pm,R&B,515 Medford St ,42.3967276,-71.10367545,"https://maps.google.com/?q=42.3967276,-71.10367545"
JAJA,2:00pm – 4:00pm,Rock,65 Josephine Ave ,42.39747045,-71.11339800910966,"https://maps.google.com/?q=42.39747045,-71.11339800910966"
Jake in the Boxx,2:00pm – 4:00pm,Rock,33 Pearson Ave ,42.395845550000004,-71.11186090491005,"https://maps.google.com/?q=42.395845550000004,-71.11186090491005"
Jake Jarvis,2:00pm – 4:00pm,Singer/songwriter,32 Tower St ,42.3894668,-71.1092066,"https://maps.google.com/?q=42.3894668,-71.1092066"
JARLsberg at LARJ,2:00pm – 3:00pm,Pop,26 Hall St ,42.3916093,-71.11425363266565,"https://maps.google.com/?q=42.3916093,-71.11425363266565"
Jess Fulkerson presents: Fulk Rock,2:00pm – 4:00pm,Folk,46 White St ,42.389292350000005,-71.11739555,"https://maps.google.com/?q=42.389292350000005,-71.11739555"
Jet Lag,2:00pm – 4:00pm,Soul,15 Lesley Ave ,42.3940058,-71.11497535026764,"https://maps.google.com/?q=42.3940058,-71.11497535026764"
Joanne the Band,2:00pm – 4:00pm,Americana,53 Cherry St ,42.39204155,-71.11430819886598,"https://maps.google.com/?q=42.39204155,-71.11430819886598"
Josh and the Wittness,2:00pm – 4:00pm,,5 Hancock St ,42.3900574,-71.11675370255915,"https://maps.google.com/?q=42.3900574,-71.11675370255915"
"Katie, Aaron & Friends",2:00pm – 2:15pm,Classical,18 Silvey Pl ,42.387292,-71.1105579232019,"https://maps.google.com/?q=42.387292,-71.1105579232019"
Kev on the Keys/Butter,2:00pm – 4:00pm,Pop,10 Woodbine St ,42.39114575,-71.10503285988827,"https://maps.google.com/?q=42.39114575,-71.10503285988827"
Kev on the Keys/Teresa Elaine and Benjamin,2:00pm – 4:00pm,Pop,10 Woodbine St ,42.39114575,-71.10503285988827,"https://maps.google.com/?q=42.39114575,-71.10503285988827"
King Zero,2:00pm – 4:00pm,,32 Princeton St ,42.39286875,-71.10722387565308,"https://maps.google.com/?q=42.39286875,-71.10722387565308"
KONG,2:00pm – 4:00pm,Funk,49 Crown St ,42.38983855,-71.11070576113163,"https://maps.google.com/?q=42.38983855,-71.11070576113163"
Le Prestige,2:00pm – 3:00pm,Funk,30 Glenwood Rd ,42.3933821,-71.10345747864665,"https://maps.google.com/?q=42.3933821,-71.10345747864665"
lightenup,2:00pm – 4:00pm,Indie,36 Rogers Ave ,42.3966218,-71.11357822537961,"https://maps.google.com/?q=42.3966218,-71.11357822537961"
Lunatic Neighbor,2:00pm – 4:00pm,Pop,5 Windsor Rd ,42.3930314,-71.11536228367257,"https://maps.google.com/?q=42.3930314,-71.11536228367257"
mad transmission,2:00pm – 2:30pm,"Hip hop, Punk",31 Trull St ,42.394042999999996,-71.10409824999999,"https://maps.google.com/?q=42.394042999999996,-71.10409824999999"
Man Feelings,2:00pm – 4:00pm,Rock,118 Josephine Ave ,42.3991689,-71.11272675000001,"https://maps.google.com/?q=42.3991689,-71.11272675000001"
Mary P. & The Friendly Friends,2:00pm – 4:00pm,Folk,44 Morrison Ave ,42.3947955,-71.11291837101047,"https://maps.google.com/?q=42.3947955,-71.11291837101047"
"Matt S. Fuller, Pianist",2:00pm – 4:00pm,Jazz,44 Ivaloo Street ,42.38097645,-71.1090823980691,"https://maps.google.com/?q=42.38097645,-71.1090823980691"
Meredith Irene + Special Guest,2:00pm – 4:00pm,"Americana, Classical",56 White St ,42.38939155,-71.11720331569401,"https://maps.google.com/?q=42.38939155,-71.11720331569401"
Meyer Lemon Louis,2:00pm – 3:30pm,Blues,65 Belmont Street ,42.38769095,-71.10865770435436,"https://maps.google.com/?q=42.38769095,-71.10865770435436"
Meyersville,2:00pm – 4:00pm,Indie,62 hudson st ,42.39018085,-71.10614602126373,"https://maps.google.com/?q=42.39018085,-71.10614602126373"
Michael Reilly Peraza is That Guy,2:00pm – 4:00pm,Rock,29 Warwick St ,42.3939012,-71.1095717368253,"https://maps.google.com/?q=42.3939012,-71.1095717368253"
Mixtape Misfits,2:00pm – 4:00pm,Rock,12 Aberdeen Rd ,42.3917396,-71.11340418377154,"https://maps.google.com/?q=42.3917396,-71.11340418377154"
Molly's Misfits,2:00pm – 3:00pm,Rock,55 Prichard Ave ,42.396246899999994,-71.11081295332892,"https://maps.google.com/?q=42.396246899999994,-71.11081295332892"
money$tella,2:00pm – 4:00pm,Electronic,1 Westwood Rd ,42.38696955,-71.10475645264717,"https://maps.google.com/?q=42.38696955,-71.10475645264717"
Morrison Meows,2:00pm – 4:00pm,Pop,98 Morrison Ave ,42.3953789,-71.11519723753861,"https://maps.google.com/?q=42.3953789,-71.11519723753861"
Mutual Beef Company,2:00pm – 4:00pm,Jazz,87 Porter St ,42.3881014473758,-71.1124062765761,"https://maps.google.com/?q=42.3881014473758,-71.1124062765761"
Neighborhood Dog,2:00pm – 4:00pm,Rock,28 Fisk Ave ,42.39648585,-71.1050412,"https://maps.google.com/?q=42.39648585,-71.1050412"
Neu Roses,2:00pm – 4:00pm,Jazz,16 Westwood Rd ,42.38709625,-71.10613379777881,"https://maps.google.com/?q=42.38709625,-71.10613379777881"
Nightjar,2:00pm – 3:00pm,Singer/songwriter,17 Ibbetson St ,42.38546995,-71.11170315260287,"https://maps.google.com/?q=42.38546995,-71.11170315260287"
Noncompliant,2:00pm – 4:00pm,Rock,17 Albion St ,42.39019225,-71.1034033,"https://maps.google.com/?q=42.39019225,-71.1034033"
Orbital Gun,2:00pm – 4:00pm,Rock,44 Linden Ave ,42.389318,-71.11326330661791,"https://maps.google.com/?q=42.389318,-71.11326330661791"
Overnight Parking Band,2:00pm – 4:00pm,Rock,94 Albion St ,42.391323400000005,-71.10734512940675,"https://maps.google.com/?q=42.391323400000005,-71.10734512940675"
"Pink Slip, Bad Idea USA,  Blame Shifters",2:00pm – 4:00pm,Punk,96 Rogers Ave ,42.39849805,-71.11232509712727,"https://maps.google.com/?q=42.39849805,-71.11232509712727"
PK and the Mighty Seven,2:00pm – 4:00pm,Soul,53 Highland Rd ,42.396335699999995,-71.1123879,"https://maps.google.com/?q=42.396335699999995,-71.1123879"
Porter to Davis,2:00pm – 3:30pm,Jazz,69 Lexington Ave ,42.3945789,-71.11443033009553,"https://maps.google.com/?q=42.3945789,-71.11443033009553"
Poster Colors,2:00pm – 4:00pm,Rock,50 Porter Street,42.38889935,-71.11209999931305,"https://maps.google.com/?q=42.38889935,-71.11209999931305"
Pretty Pantha,2:00pm – 4:00pm,Rock,Wade Ct ,42.38892855378066,-71.11500294857125,"https://maps.google.com/?q=42.38892855378066,-71.11500294857125"
Quantum Moon,2:00pm – 4:00pm,Jazz,44 Josephine Avenue ,42.396903949999995,-71.11425309910234,"https://maps.google.com/?q=42.396903949999995,-71.11425309910234"
rat of the year,2:00pm – 4:00pm,Rock,40 Burnside Ave ,42.391635199999996,-71.1169062443806,"https://maps.google.com/?q=42.391635199999996,-71.1169062443806"
Real Gone,2:00pm – 4:00pm,Americana,183 Hudson Street ,42.392836700000004,-71.11174883046627,"https://maps.google.com/?q=42.392836700000004,-71.11174883046627"
Remarkably Mild,2:00pm – 4:00pm,Indie,28 Rogers Ave ,42.39638085,-71.11376120814161,"https://maps.google.com/?q=42.39638085,-71.11376120814161"
Riches the Fish,2:00pm – 4:00pm,"Indie, Rock",55 Fremont St ,42.3983963,-71.09767861611618,"https://maps.google.com/?q=42.3983963,-71.09767861611618"
Right on Red,2:00pm – 3:30pm,"Folk, Funk, Pop, Punk, Rock",49 Spencer Ave ,42.3938091,-71.11385739081037,"https://maps.google.com/?q=42.3938091,-71.11385739081037"
"Rohan, Charlie, and Jeff (Contra Dance)",2:00pm – 4:00pm,Folk,69 Morrison Avenue ,42.39537,-71.1138454389451,"https://maps.google.com/?q=42.39537,-71.1138454389451"
Sarah Scala,2:00pm – 4:00pm,Indie,10 Hall St ,42.39125195,-71.11368621769049,"https://maps.google.com/?q=42.39125195,-71.11368621769049"
See You At Rogers,2:00pm – 4:00pm,"Indie, Pop, Rock, Singer/songwriter",3 Morrison Avenue ,42.3946148,-71.11083093335135,"https://maps.google.com/?q=42.3946148,-71.11083093335135"
Sequel Injection,2:00pm – 4:00pm,Pop,24 Linden Ave ,42.3883803,-71.11395405336648,"https://maps.google.com/?q=42.3883803,-71.11395405336648"
Smith and Company,2:00pm – 4:00pm,Rock,42 Boston Ave ,42.39596815,-71.11072424673496,"https://maps.google.com/?q=42.39596815,-71.11072424673496"
Some Kind Of Infernal Machine,2:00pm – 4:00pm,Americana,102 Lexington Ave ,42.3946134,-71.1160158324627,"https://maps.google.com/?q=42.3946134,-71.1160158324627"
"Sorry, Ma!",2:00pm – 4:00pm,Rock,24 Alpine St. ,42.39355125,-71.11014553695217,"https://maps.google.com/?q=42.39355125,-71.11014553695217"
Stanley and the Undercovers,2:00pm – 4:00pm,Rock,83 Highland Rd ,42.39716235,-71.1118236664735,"https://maps.google.com/?q=42.39716235,-71.1118236664735"
Strummerville Ukulele Club,2:00pm – 4:00pm,Folk,63 Trull St. ,42.39499065,-71.1034642986632,"https://maps.google.com/?q=42.39499065,-71.1034642986632"
sunnydaze,2:00pm – 3:00pm,Funk,122 Rogers Ave ,42.399230149999994,-71.11184595080158,"https://maps.google.com/?q=42.399230149999994,-71.11184595080158"
Sunroom,2:00pm – 3:30pm,Rock,44 Belmont St ,42.386578400000005,-71.1098192085125,"https://maps.google.com/?q=42.386578400000005,-71.1098192085125"
Superpink/Nearest Neighbor,2:00pm – 4:00pm,"Funk, Indie, Pop, Rock",87 Morrison Ave ,42.39558965,-71.1146612962112,"https://maps.google.com/?q=42.39558965,-71.1146612962112"
Ten Hills Taylor,2:00pm – 4:00pm,Americana,59 Pearson Ave ,42.3964867,-71.11143750000001,"https://maps.google.com/?q=42.3964867,-71.11143750000001"
The Anchovies,2:00pm – 4:00pm,Rock,28 Holyoke Rd ,42.38821335,-71.11674743850725,"https://maps.google.com/?q=42.38821335,-71.11674743850725"
The Blue Chairs,2:00pm – 4:00pm,Rock,107 Highland Rd ,42.3978104,-71.11136225498635,"https://maps.google.com/?q=42.3978104,-71.11136225498635"
the dead flowers,2:00pm – 4:00pm,Rock,34 Morrison Ave ,42.3946873,-71.11248461957567,"https://maps.google.com/?q=42.3946873,-71.11248461957567"
The Dotted Lines,2:00pm – 4:00pm,Indie,10 Steeves Circle ,42.390645817417834,-71.11525852006103,"https://maps.google.com/?q=42.390645817417834,-71.11525852006103"
The Dues / Far From The Tree,2:00pm – 4:00pm,Americana,6 Aberdeen Rd ,42.39166415,-71.11329728242701,"https://maps.google.com/?q=42.39166415,-71.11329728242701"
The Elegies,2:00pm – 4:00pm,Indie,47 Trull St. ,42.39450255,-71.10379874469466,"https://maps.google.com/?q=42.39450255,-71.10379874469466"
The Fort Point Ramblers,2:00pm – 4:00pm,Bluegrass,17 Mountain Ave ,42.3905305,-71.11178396804901,"https://maps.google.com/?q=42.3905305,-71.11178396804901"
The Pow! Arrangers & Levity Vocals,2:00pm – 2:30pm,Indie,61 Hudson St ,42.3904426,-71.10597368854962,"https://maps.google.com/?q=42.3904426,-71.10597368854962"
The Rubin Brothers,2:00pm – 4:00pm,Jazz,70 Lexington Ave ,42.394251999999994,-71.11457774519218,"https://maps.google.com/?q=42.394251999999994,-71.11457774519218"
The Ruth & Ben String Band,2:00pm – 3:00pm,Bluegrass,28R Cherry St ,42.39027404560177,-71.11572670612743,"https://maps.google.com/?q=42.39027404560177,-71.11572670612743"
The Shirts and Shoes,2:00pm – 4:00pm,Rock,55 Alpine Street ,42.39286885,-71.10889436537863,"https://maps.google.com/?q=42.39286885,-71.10889436537863"
The Splinters,2:00pm – 4:00pm,Bluegrass,11 Crocker Street ,42.390503100000004,-71.10990779999999,"https://maps.google.com/?q=42.390503100000004,-71.10990779999999"
The Steve Walther Orchestra,2:00pm – 4:00pm,Jazz,44 Linden Ave ,42.389318,-71.11326330661791,"https://maps.google.com/?q=42.389318,-71.11326330661791"
The Sunday Slippers,2:00pm – 4:00pm,"Country, Jazz",17 Westwood Road ,42.38747655,-71.10607753738694,"https://maps.google.com/?q=42.38747655,-71.10607753738694"
The Upstairs Neighbors,2:00pm – 4:00pm,Bluegrass,27 Linden Ave ,42.3883918,-71.11344999362245,"https://maps.google.com/?q=42.3883918,-71.11344999362245"
The Velvet Dirtmunchers,2:00pm – 4:00pm,World,116 Porter St ,42.39094595,-71.11062995097141,"https://maps.google.com/?q=42.39094595,-71.11062995097141"
The Vintage Mintys,2:00pm – 4:00pm,Rock,53 Hudson St ,42.3903066,-71.10559858869385,"https://maps.google.com/?q=42.3903066,-71.10559858869385"
The Ways and Means Committee,2:00pm – 4:00pm,Rock,41 Banks St ,42.39208825,-71.11699990333094,"https://maps.google.com/?q=42.39208825,-71.11699990333094"
the YaG's,2:00pm – 4:00pm,Rock,12 Adams St ,42.39372,-71.10109615321265,"https://maps.google.com/?q=42.39372,-71.10109615321265"
The Yips,2:00pm – 4:00pm,Indie,48 Hancock St ,42.39170515,-71.11604984354057,"https://maps.google.com/?q=42.39170515,-71.11604984354057"
Timber Timbre,2:00pm – 4:00pm,,87 Highland Rd ,42.3972642,-71.11173269619725,"https://maps.google.com/?q=42.3972642,-71.11173269619725"
Tong & FindingHannah b2b Eyeconic,2:00pm – 4:00pm,Electronic,52 Alpine St ,42.39335557383681,-71.10993416401648,"https://maps.google.com/?q=42.39335557383681,-71.10993416401648"
Trip Report/ Joe Tagz,2:00pm – 4:00pm,Electronic,38 Benton Rd ,42.3881308,-71.10613125,"https://maps.google.com/?q=42.3881308,-71.10613125"
Trivia Dogs,2:00pm – 4:00pm,Pop,17 Lexington Ave ,42.393807949999996,-71.11226128301313,"https://maps.google.com/?q=42.393807949999996,-71.11226128301313"
we broke the weather,2:00pm – 4:00pm,Rock,32 Lexington Ave ,42.393757050000005,-71.11298141991651,"https://maps.google.com/?q=42.393757050000005,-71.11298141991651"
"Weird Frenz, Cousin Louis and The Women's Movement",2:00pm – 4:00pm,Indie,56 Vernon St ,42.39212895,-71.103874497217,"https://maps.google.com/?q=42.39212895,-71.103874497217"
Weston and Amelia Wright Band,2:00pm – 4:00pm,Country,98 Hudson St ,42.39081685,-71.10801056326304,"https://maps.google.com/?q=42.39081685,-71.10801056326304"
WhaleShark,2:00pm – 3:00pm,Rock,6 Hancock St ,42.39336524321482,-71.11484270394524,"https://maps.google.com/?q=42.39336524321482,-71.11484270394524"
Wilf,2:00pm – 4:00pm,Singer/songwriter,8 Steeves Circle ,42.390645817417834,-71.11525852006103,"https://maps.google.com/?q=42.390645817417834,-71.11525852006103"
Winter Hillbillies,2:00pm – 4:00pm,Americana,31 Adams Street ,42.394153200000005,-71.10031124948173,"https://maps.google.com/?q=42.394153200000005,-71.10031124948173"
Winter To Spring,2:00pm – 4:00pm,Indie,51 Ibbetson St ,42.3863772,-71.11107180175085,"https://maps.google.com/?q=42.3863772,-71.11107180175085"
Wizzy,2:00pm – 4:00pm,Folk,8 Stanford Terrace ,42.38495335,-71.11395880280577,"https://maps.google.com/?q=42.38495335,-71.11395880280577"
WonderBox,2:00pm – 4:00pm,Rock,85 Lexington Ave ,42.3947472,-71.11516569114207,"https://maps.google.com/?q=42.3947472,-71.11516569114207"
Worry Dolls,2:00pm – 4:00pm,Rock,33 Hancock St ,42.391108599999995,-71.11599215277093,"https://maps.google.com/?q=42.391108599999995,-71.11599215277093"
Wrongdog,2:00pm – 3:30pm,Indie,48 Morrison Ave ,42.3948317,-71.11306592079998,"https://maps.google.com/?q=42.3948317,-71.11306592079998"
Your Friends in Hell,2:00pm – 4:00pm,Punk,29 Hancock Street ,42.3909095,-71.11614270014576,"https://maps.google.com/?q=42.3909095,-71.11614270014576"
Conjeal,2:15pm – 3:00pm,Rock,23 Monmouth St ,42.3858479,-71.10663142684382,"https://maps.google.com/?q=42.3858479,-71.10663142684382"
Dirty Water Brass Band,2:15pm – 3:45pm,Pop,8 Cedar Avenue ,42.3909253,-71.11282203066811,"https://maps.google.com/?q=42.3909253,-71.11282203066811"
Miss Jade Rock,2:15pm – 3:15pm,"Folk, Pop",73 Pearson Ave ,42.39691195,-71.11115319804989,"https://maps.google.com/?q=42.39691195,-71.11115319804989"
Narthex & Friends,2:15pm – 3:30pm,Classical,95 Highland Rd ,42.397486549999996,-71.11157665078514,"https://maps.google.com/?q=42.397486549999996,-71.11157665078514"
SHY HUSKY,2:15pm – 3:45pm,"Indie, Pop, Punk, Rock",36 Linden Ave ,42.3889348,-71.11350163295128,"https://maps.google.com/?q=42.3889348,-71.11350163295128"
"ITBAND, Kerosene",2:20pm – 3:30pm,Indie,119 Albion St ,42.3921506,-71.10845243535108,"https://maps.google.com/?q=42.3921506,-71.10845243535108"
Die Nacktschnecken,2:30pm – 4:00pm,,31 Trull Street ,42.394042999999996,-71.10409824999999,"https://maps.google.com/?q=42.394042999999996,-71.10409824999999"
Kind Sir,2:30pm – 4:00pm,Rock,"19 Spring Hill Terrace, Somerville MA ",42.38839375,-71.10782014589302,"https://maps.google.com/?q=42.38839375,-71.10782014589302"
Spats Riley,2:30pm – 4:00pm,Americana,19 CRAIGIE ST ,42.38585485,-71.1121709039457,"https://maps.google.com/?q=42.38585485,-71.1121709039457"
Alex Brown Band,3:00pm – 4:00pm,Pop,35 Rogers Ave ,42.396505950000005,-71.11321369669186,"https://maps.google.com/?q=42.396505950000005,-71.11321369669186"
Coffee Bong,3:00pm – 4:00pm,Rock,23 Monmouth St ,42.3858479,-71.10663142684382,"https://maps.google.com/?q=42.3858479,-71.10663142684382"
I Want A Cat,3:00pm – 4:00pm,Rock,28R Cherry St ,42.39027404560177,-71.11572670612743,"https://maps.google.com/?q=42.39027404560177,-71.11572670612743"
Luke Curran,3:00pm – 4:00pm,,23 Conwell St ,42.390755,-71.11168175,"https://maps.google.com/?q=42.390755,-71.11168175"
Powderhouse  - Solo,3:00pm – 4:00pm,Indie,10 Lowell Terrace ,42.39594555,-71.10470328691082,"https://maps.google.com/?q=42.39594555,-71.10470328691082"
Purple Corn,3:00pm – 4:00pm,Pop,29 Cambria St ,42.38794165,-71.10542996211265,"https://maps.google.com/?q=42.38794165,-71.10542996211265"
Shark Bait Real Estate,3:00pm – 3:59pm,Rock,76 Cedar St ,42.391264750000005,-71.1132757003913,"https://maps.google.com/?q=42.391264750000005,-71.1132757003913"
The Fish from Somerville,3:00pm – 4:00pm,Rock,42 Glenwood Rd ,42.39377605,-71.103210868366,"https://maps.google.com/?q=42.39377605,-71.103210868366"
The Tom Springer Band,3:00pm – 4:00pm,Rock,46 Rogers Ave ,42.3970477,-71.11329245,"https://maps.google.com/?q=42.3970477,-71.11329245"
Vinyl Street A Cappella,3:00pm – 4:00pm,Pop,84 Rogers Ave ,42.39819415,-71.11255199384073,"https://maps.google.com/?q=42.39819415,-71.11255199384073"
Julia Marcus,3:05pm – 4:00pm,Singer/songwriter,41 Vernon Street ,42.392036950000005,-71.1031399,"https://maps.google.com/?q=42.392036950000005,-71.1031399"
The Jungsters,3:20pm – 3:50pm,Rock,8 Brastow Ave ,42.388412,-71.1096733,"https://maps.google.com/?q=42.388412,-71.1096733"
4/4 Send,4:00pm – 4:30pm,Pop,47 Perry St ,42.37773135,-71.10175127520833,"https://maps.google.com/?q=42.37773135,-71.10175127520833"
Above Water,4:00pm – 6:00pm,Rock,41 Mount Vernon St ,42.38465225,-71.08028215650756,"https://maps.google.com/?q=42.38465225,-71.08028215650756"
Acid Basket,4:00pm – 6:00pm,Electronic,47 GREENVILLE STREET ,42.382034149999996,-71.09335724575735,"https://maps.google.com/?q=42.382034149999996,-71.09335724575735"
Alba And The Hellcats,4:00pm – 6:00pm,"Funk, Jazz, Rock",215 Washington Street ,42.3797613,-71.09235545951012,"https://maps.google.com/?q=42.3797613,-71.09235545951012"
Avanza Pop Flamenco,4:00pm – 6:00pm,World,19 Buckingham St ,42.37656375,-71.10274765,"https://maps.google.com/?q=42.37656375,-71.10274765"
"Backseat Cadillac, Tobyraps, & the TACOS",4:00pm – 6:00pm,"Country, Hip hop, Rock",16 Lincoln Pkwy ,42.3778329,-71.09855626436806,"https://maps.google.com/?q=42.3778329,-71.09855626436806"
Bahloul,4:00pm – 6:00pm,World,3 Calvin St ,42.3773752244259,-71.10456262056505,"https://maps.google.com/?q=42.3773752244259,-71.10456262056505"
Baker Thomas Band,4:00pm – 6:00pm,Americana,58 Fellsway W ,42.39250505,-71.08825635835785,"https://maps.google.com/?q=42.39250505,-71.08825635835785"
Bek Zehr,4:00pm – 6:00pm,Folk,9 Dartmouth St ,42.39028795,-71.09733677532259,"https://maps.google.com/?q=42.39028795,-71.09733677532259"
Best Ever Chicken,4:00pm – 4:50pm,Americana,37 Stone Ave ,42.3807749,-71.09474142127658,"https://maps.google.com/?q=42.3807749,-71.09474142127658"
Big Mess,4:00pm – 6:00pm,Rock,32 Crescent St ,42.38292845,-71.08009591810142,"https://maps.google.com/?q=42.38292845,-71.08009591810142"
Big Rav,4:00pm – 6:00pm,Rock,15 Bolton St ,42.3754407,-71.0981740663687,"https://maps.google.com/?q=42.3754407,-71.0981740663687"
Biggest Beast,4:00pm – 6:00pm,Folk,25 Delaware St ,42.3861215,-71.09017111612903,"https://maps.google.com/?q=42.3861215,-71.09017111612903"
Can O Worms,4:00pm – 6:00pm,Rock,2 Village Terrace ,42.380836599999995,-71.10488686769865,"https://maps.google.com/?q=42.380836599999995,-71.10488686769865"
Ceallaigh Reddy,4:00pm – 6:00pm,Folk,84 Avon St ,42.38629875,-71.10426872318018,"https://maps.google.com/?q=42.38629875,-71.10426872318018"
Clovis,4:00pm – 5:00pm,Rock,155 Sycamore St ,42.39356595,-71.09744847649105,"https://maps.google.com/?q=42.39356595,-71.09744847649105"
Code Blue,4:00pm – 6:00pm,Rock,10 Prospect St ,42.378613099999995,-71.09401201491573,"https://maps.google.com/?q=42.378613099999995,-71.09401201491573"
Confidential Teatime,4:00pm – 6:00pm,Folk,11 Beacon St ,42.37481285,-71.10180264866041,"https://maps.google.com/?q=42.37481285,-71.10180264866041"
Conor K. & Rich Pin,4:00pm – 4:50pm,Americana,42 Flint St ,42.384348599999996,-71.08745098667212,"https://maps.google.com/?q=42.384348599999996,-71.08745098667212"
Copilot,4:00pm – 6:00pm,Rock,75 Marshall Street ,42.389253350000004,-71.0952488696995,"https://maps.google.com/?q=42.389253350000004,-71.0952488696995"
"Dave, Hooper & Friends",4:00pm – 6:00pm,Rock,25 Munroe Street ,42.38100885,-71.09229091119833,"https://maps.google.com/?q=42.38100885,-71.09229091119833"
Deep Cuts,4:00pm – 6:00pm,Rock,62 Preston Rd ,42.384230983407875,-71.10215958472148,"https://maps.google.com/?q=42.384230983407875,-71.10215958472148"
Dewpoint,4:00pm – 6:00pm,,16 Douglas Ave ,42.3953082,-71.09682367063107,"https://maps.google.com/?q=42.3953082,-71.09682367063107"
DJ Adrock,4:00pm – 5:00pm,Electronic,32 Clark St ,42.37810925,-71.09770540090227,"https://maps.google.com/?q=42.37810925,-71.09770540090227"
DJ Arts & Crafts Presents: HOT GLUE,4:00pm – 6:00pm,Electronic,80 Prospect St ,42.3752461,-71.0968204,"https://maps.google.com/?q=42.3752461,-71.0968204"
Emotional Rollercoasters,4:00pm – 6:00pm,Punk,79 Pennsylvania Ave ,42.389086750000004,-71.0825965933268,"https://maps.google.com/?q=42.389086750000004,-71.0825965933268"
Etheroma,4:00pm – 4:40pm,Indie,22 Oxford Street ,42.386345250000005,-71.1002575424593,"https://maps.google.com/?q=42.386345250000005,-71.1002575424593"
Field & Bug Porchfest Band,4:00pm – 5:00pm,Rock,251 Washington St ,42.38163266881375,-71.08418255221581,"https://maps.google.com/?q=42.38163266881375,-71.08418255221581"
fresh meat,4:00pm – 6:00pm,Electronic,111 Cross Street ,42.38426185,-71.0893975904782,"https://maps.google.com/?q=42.38426185,-71.0893975904782"
Galaxy Cake,4:00pm – 4:45pm,Rock,25 Willoughby St ,42.389301599999996,-71.101376657527,"https://maps.google.com/?q=42.389301599999996,-71.101376657527"
Goatsbeard,4:00pm – 6:00pm,Indie,92 Concord Ave ,42.37573140000001,-71.1013087367457,"https://maps.google.com/?q=42.37573140000001,-71.1013087367457"
Hanchett,4:00pm – 6:00pm,Punk,25 Lewis St ,42.37763185,-71.10257184966986,"https://maps.google.com/?q=42.37763185,-71.10257184966986"
Handle Slide & friends,4:00pm – 6:00pm,Americana,34 Laurel Street ,42.38438775,-71.10477017518447,"https://maps.google.com/?q=42.38438775,-71.10477017518447"
Happy Little Clouds,4:00pm – 6:00pm,Rock,21 Aldersey St ,42.3835971,-71.0971618643617,"https://maps.google.com/?q=42.3835971,-71.0971618643617"
Hebb and Vets,4:00pm – 6:00pm,"Rock, Singer/songwriter",63 Marshall Street ,42.389917,-71.09492475414885,"https://maps.google.com/?q=42.389917,-71.09492475414885"
Hilken & Melissa,4:00pm – 6:00pm,Rock,11 Pearl Street Place ,42.386774599999995,-71.08950704588608,"https://maps.google.com/?q=42.386774599999995,-71.08950704588608"
Hot Cousin,4:00pm – 5:00pm,Rock,51 Laurel St ,42.38426004915848,-71.10453113177832,"https://maps.google.com/?q=42.38426004915848,-71.10453113177832"
"Hyperfix, Layzi, and Viruette",4:00pm – 6:00pm,Indie,40 Laurel St ,42.384808899999996,-71.1045598942857,"https://maps.google.com/?q=42.384808899999996,-71.1045598942857"
Indigo,4:00pm – 5:00pm,Pop,10 Magnus Ave ,42.37869925,-71.10329855302847,"https://maps.google.com/?q=42.37869925,-71.10329855302847"
Intersystem Crossing,4:00pm – 6:00pm,Rock,11 Lewis St ,42.3776219,-71.10303720034493,"https://maps.google.com/?q=42.3776219,-71.10303720034493"
Invisible Animals,4:00pm – 6:00pm,Rock,4 Century Street ,42.39737975,-71.09633781867399,"https://maps.google.com/?q=42.39737975,-71.09633781867399"
Jamming by the Spoonful,4:00pm – 5:15pm,Pop,51 Heath St ,42.394820249999995,-71.09450610339515,"https://maps.google.com/?q=42.394820249999995,-71.09450610339515"
Jenevieve and the Boak Brothers,4:00pm – 5:00pm,Pop,9 Bolton St ,42.3756621,-71.09803441561809,"https://maps.google.com/?q=42.3756621,-71.09803441561809"
Johnnie and the Foodmasters,4:00pm – 6:00pm,Punk,41 Sycamore Street ,42.3894532,-71.10059151452253,"https://maps.google.com/?q=42.3894532,-71.10059151452253"
Jonny Fufu Band,4:00pm – 6:00pm,Rock,17 Hamlet St ,42.38398265,-71.09326764731726,"https://maps.google.com/?q=42.38398265,-71.09326764731726"
Joy Ministry,4:00pm – 5:00pm,,30 Everett Ave ,42.386936750000004,-71.08929771855448,"https://maps.google.com/?q=42.386936750000004,-71.08929771855448"
Kit Orion//Justice Cow,4:00pm – 6:00pm,Indie,33 Avon St ,42.3857313,-71.10186697664392,"https://maps.google.com/?q=42.3857313,-71.10186697664392"
Lady in the Radiator,4:00pm – 6:00pm,"Electronic, Metal, Punk, Rock",12a Kensington Ave ,42.39000393258327,-71.0868078193533,"https://maps.google.com/?q=42.39000393258327,-71.0868078193533"
Linnea's Garden with special guests Ben Shooter and Battlemode,4:00pm – 6:00pm,Rock,32 Stone Avenue ,42.380753850000005,-71.09522998350911,"https://maps.google.com/?q=42.380753850000005,-71.09522998350911"
Litch's Estate,4:00pm – 6:00pm,Rock,46 Florence St ,42.38365865,-71.0832054879717,"https://maps.google.com/?q=42.38365865,-71.0832054879717"
Live Code Boston,4:00pm – 6:00pm,Electronic,34 Skehan St ,42.379642849999996,-71.1059873,"https://maps.google.com/?q=42.379642849999996,-71.1059873"
Locust,4:00pm – 6:00pm,Rock,39 Thurston St ,42.3911479,-71.0977095601018,"https://maps.google.com/?q=42.3911479,-71.0977095601018"
Lunch Mother & Otis Grove,4:00pm – 6:00pm,Rock,440R Somerville Ave ,42.38604642937956,-71.1146031262443,"https://maps.google.com/?q=42.38604642937956,-71.1146031262443"
MATT MARAUDER,4:00pm – 6:00pm,Electronic,2 Quincy St ,42.38218895,-71.10148960000001,"https://maps.google.com/?q=42.38218895,-71.10148960000001"
Maya Dryden,4:00pm – 6:00pm,Singer/songwriter,19 Virginia St ,42.3865692,-71.09200637788813,"https://maps.google.com/?q=42.3865692,-71.09200637788813"
Mental States,4:00pm – 6:00pm,Jazz,11 Pembroke Street ,42.390885600000004,-71.10054841856851,"https://maps.google.com/?q=42.390885600000004,-71.10054841856851"
Michaela Kelly,4:00pm – 6:00pm,Pop,103 Marion St ,42.3774147,-71.10331298608709,"https://maps.google.com/?q=42.3774147,-71.10331298608709"
Midnight Gardeners,4:00pm – 6:00pm,Folk,16 Knapp St ,42.38269124999999,-71.10254577966285,"https://maps.google.com/?q=42.38269124999999,-71.10254577966285"
Midnight Motion,4:00pm – 5:15pm,Funk,7 Tower Ct ,42.38196285,-71.10475485,"https://maps.google.com/?q=42.38196285,-71.10475485"
Mighty Smooth,4:00pm – 6:00pm,Rock,12 Webster Street ,42.385448,-71.08464058659527,"https://maps.google.com/?q=42.385448,-71.08464058659527"
Mixed G,4:00pm – 5:30pm,Rock,32 Madison St ,42.3880511,-71.0998812,"https://maps.google.com/?q=42.3880511,-71.0998812"
Mizz Kitsune,4:00pm – 6:00pm,Electronic,8 Howe St ,42.38950945,-71.09542540000001,"https://maps.google.com/?q=42.38950945,-71.09542540000001"
Mutual Beef,4:00pm – 6:00pm,Jazz,58 Dane St ,42.37985385,-71.1042313426598,"https://maps.google.com/?q=42.37985385,-71.1042313426598"
N/A,4:00pm – 6:00pm,,29 Central St ,42.38511575,-71.10484643023779,"https://maps.google.com/?q=42.38511575,-71.10484643023779"
Natalie Padilla,4:00pm – 6:00pm,Folk,10 Bigelow St ,42.38221835,-71.09364029720948,"https://maps.google.com/?q=42.38221835,-71.09364029720948"
Next Step,4:00pm – 6:00pm,Singer/songwriter,8 Calvin St ,42.3784809,-71.1039621,"https://maps.google.com/?q=42.3784809,-71.1039621"
No Koudai,4:00pm – 6:00pm,Electronic,545 McGrath Hwy ,42.3862125,-71.09043627241371,"https://maps.google.com/?q=42.3862125,-71.09043627241371"
North Street Collective,4:00pm – 5:30pm,Jazz,29 Tennyson St ,42.39251189311823,-71.09952775373571,"https://maps.google.com/?q=42.39251189311823,-71.09952775373571"
Otis Shanty,4:00pm – 6:00pm,Indie,71 Boston St ,42.3831488,-71.09376124896,"https://maps.google.com/?q=42.3831488,-71.09376124896"
Patchwork & Private Dancer // Martin Sound & ntmowen,4:00pm – 6:00pm,Electronic,70 Line St ,42.3761653,-71.10496925671808,"https://maps.google.com/?q=42.3761653,-71.10496925671808"
PHANTASM,4:00pm – 6:00pm,Electronic,14 Stickney Ave ,42.38893165,-71.09612391434698,"https://maps.google.com/?q=42.38893165,-71.09612391434698"
plastic Hamster,4:00pm – 6:00pm,Indie,53 Columbus Ave ,42.38157615,-71.09429461087896,"https://maps.google.com/?q=42.38157615,-71.09429461087896"
Pluto's Return,4:00pm – 6:00pm,Rock,101 Munroe St ,42.381711704200406,-71.09323067455061,"https://maps.google.com/?q=42.381711704200406,-71.09323067455061"
Porch Fest All Stars,4:00pm – 6:00pm,Americana,41 Dartmouth St ,42.39203755,-71.09604780723146,"https://maps.google.com/?q=42.39203755,-71.09604780723146"
Postmoral,4:00pm – 6:00pm,Punk,50 Prescott St ,42.3856251,-71.09864269107538,"https://maps.google.com/?q=42.3856251,-71.09864269107538"
Rich Murphy and Mary Moore,4:00pm – 6:00pm,Singer/songwriter,14 Hawkins Street ,42.37989505,-71.09790910731553,"https://maps.google.com/?q=42.37989505,-71.09790910731553"
Rockin George,4:00pm – 6:00pm,Blues,54 Sydney Street ,42.394620950000004,-71.09001595,"https://maps.google.com/?q=42.394620950000004,-71.09001595"
RogerRoger,4:00pm – 6:00pm,Americana,7 Sargent Ave ,42.39136175,-71.09262194534146,"https://maps.google.com/?q=42.39136175,-71.09262194534146"
Sam Trottenberg,4:00pm – 6:00pm,Folk,312 Washington St ,42.3792842,-71.1006253529842,"https://maps.google.com/?q=42.3792842,-71.1006253529842"
Sean Atch Music + Daddy and the Boy/LSD Fathers B2B DJ Set (Bangers Only),4:00pm – 6:00pm,,9 Summit Ave ,42.3838841,-71.09560447127107,"https://maps.google.com/?q=42.3838841,-71.09560447127107"
Shiny Disco Balls,4:00pm – 6:00pm,"Bluegrass, Funk, Hip hop, Rock",74 Newton Street ,42.37718572853015,-71.09714194510079,"https://maps.google.com/?q=42.37718572853015,-71.09714194510079"
Similar Jones,4:00pm – 6:00pm,Pop,5 Bigelow St ,42.38261795,-71.09379505,"https://maps.google.com/?q=42.38261795,-71.09379505"
"Singer-Songwriters & Musical Comedy ft. Matt Shore, Kate Hardly",4:00pm – 6:00pm,Singer/songwriter,10 Austin St ,42.387442300000004,-71.08070870696204,"https://maps.google.com/?q=42.387442300000004,-71.08070870696204"
Skaleton Crew,4:00pm – 4:45pm,Punk,88 Oxford St ,42.387209150000004,-71.10311685999463,"https://maps.google.com/?q=42.387209150000004,-71.10311685999463"
Skyrise Coast,4:00pm – 6:00pm,"Indie, Pop",10 Indiana Ave ,42.387822549999996,-71.08250766026688,"https://maps.google.com/?q=42.387822549999996,-71.08250766026688"
So Many Knobs,4:00pm – 6:00pm,Rock,9 Oakland Ave ,42.39188335,-71.09439020808293,"https://maps.google.com/?q=42.39188335,-71.09439020808293"
Spoondrift,4:00pm – 6:00pm,"Americana, Rock",9 Concord Ave ,42.3769765,-71.09631685442417,"https://maps.google.com/?q=42.3769765,-71.09631685442417"
Static Tension,4:00pm – 6:00pm,Rock,51 Avon St ,42.386045249999995,-71.1026986027419,"https://maps.google.com/?q=42.386045249999995,-71.1026986027419"
Stickney Crüe,4:00pm – 5:30pm,Rock,10 Stickney Avenue ,42.3888634,-71.09598730912492,"https://maps.google.com/?q=42.3888634,-71.09598730912492"
Terminator,4:00pm – 6:00pm,Electronic,76 Columbus Ave ,42.38191415,-71.09564397264316,"https://maps.google.com/?q=42.38191415,-71.09564397264316"
the black souls,4:00pm – 6:00pm,R&B,33 Adrian St ,42.3773796,-71.09937042678114,"https://maps.google.com/?q=42.3773796,-71.09937042678114"
The Cherry Fog / Pledge Pins / Sundrifter,4:00pm – 6:00pm,Rock,22 Waldo Ave ,42.376933458316515,-71.10390402095393,"https://maps.google.com/?q=42.376933458316515,-71.10390402095393"
the drills,4:00pm – 5:00pm,Indie,74 Jaques St ,42.394639850000004,-71.09288534739315,"https://maps.google.com/?q=42.394639850000004,-71.09288534739315"
The Femmes,4:00pm – 6:00pm,Pop,9 Parkdale St ,42.378889900000004,-71.10234220000001,"https://maps.google.com/?q=42.378889900000004,-71.10234220000001"
The Goonie Birds,4:00pm – 6:00pm,Folk,9 Sellon Pl ,42.3893121,-71.09552216568048,"https://maps.google.com/?q=42.3893121,-71.09552216568048"
The Grownup Noise,4:00pm – 6:00pm,Indie,32 Prescott st. ,42.38492105,-71.09918295010982,"https://maps.google.com/?q=42.38492105,-71.09918295010982"
The Lights Out,4:00pm – 4:45pm,Rock,25 Willoughby St ,42.389301599999996,-71.101376657527,"https://maps.google.com/?q=42.389301599999996,-71.101376657527"
The Limit,4:00pm – 6:00pm,Pop,10 Magnus Ave ,42.37869925,-71.10329855302847,"https://maps.google.com/?q=42.37869925,-71.10329855302847"
The Magnus Quintet,4:00pm – 6:00pm,Jazz,77 Avon St ,42.3864436,-71.10382667643825,"https://maps.google.com/?q=42.3864436,-71.10382667643825"
The Massive Letdowns,4:00pm – 6:00pm,"Folk, Indie, Pop, Rock, Singer/songwriter",67 Putnam St ,42.38459347890662,-71.09797049068484,"https://maps.google.com/?q=42.38459347890662,-71.09797049068484"
The Massters,4:00pm – 6:00pm,Rock,16 Washington Terrace ,42.380000800000005,-71.09235723316584,"https://maps.google.com/?q=42.380000800000005,-71.09235723316584"
The Melted Chapsticks,4:00pm – 6:00pm,Punk,515 Somerville Ave ,42.38335165,-71.10587165406187,"https://maps.google.com/?q=42.38335165,-71.10587165406187"
The New Grown-Ups,4:00pm – 6:00pm,World,84 Oxford St ,42.38729145,-71.10283465052407,"https://maps.google.com/?q=42.38729145,-71.10283465052407"
The nogs,4:00pm – 6:00pm,World,20 AVON ST ,42.3852443,-71.10137268293295,"https://maps.google.com/?q=42.3852443,-71.10137268293295"
The Proper Lovers,4:00pm – 6:00pm,"Jazz, Rock",8 Otis St ,42.38707025,-71.08756456021175,"https://maps.google.com/?q=42.38707025,-71.08756456021175"
The Punk Monk,4:00pm – 6:00pm,World,21 Vinal Ave ,42.383125500000006,-71.0973915,"https://maps.google.com/?q=42.383125500000006,-71.0973915"
The Recliners,4:00pm – 6:00pm,Folk,47 Columbus Ave ,42.3814168,-71.09409868941367,"https://maps.google.com/?q=42.3814168,-71.09409868941367"
The Revolution will not be Televised,4:00pm – 6:00pm,Jazz,94 Heath St ,42.395391450000005,-71.09642795934585,"https://maps.google.com/?q=42.395391450000005,-71.09642795934585"
The Scraps,4:00pm – 4:45pm,Rock,39 Bond Street ,42.3956629,-71.0952964200802,"https://maps.google.com/?q=42.3956629,-71.0952964200802"
The Spackles,4:00pm – 6:00pm,Americana,170 Sycamore Street ,42.39423725,-71.09751994663742,"https://maps.google.com/?q=42.39423725,-71.09751994663742"
The Strap,4:00pm – 5:00pm,Rock,32 Clark St ,42.37810925,-71.09770540090227,"https://maps.google.com/?q=42.37810925,-71.09770540090227"
The Till,4:00pm – 5:45pm,Rock,79 Flint Street ,42.3853406,-71.08939661504354,"https://maps.google.com/?q=42.3853406,-71.08939661504354"
The Tripps,4:00pm – 6:00pm,Funk,11 Sanborn Ct ,42.3801073,-71.0944706,"https://maps.google.com/?q=42.3801073,-71.0944706"
The Zajac Brothers Band,4:00pm – 6:00pm,Rock,6 Pembroke Ct ,42.390392500000004,-71.10068329779197,"https://maps.google.com/?q=42.390392500000004,-71.10068329779197"
Three at Home,4:00pm – 6:00pm,Rock,16 Lee St ,42.39048415,-71.09945905000001,"https://maps.google.com/?q=42.39048415,-71.09945905000001"
Untidy,4:00pm – 6:00pm,"Indie, Rock",71 Marion St ,42.377418,-71.10206949967008,"https://maps.google.com/?q=42.377418,-71.10206949967008"
Veronica Lewis,4:00pm – 5:30pm,Indie,14 Greene St ,42.3846679,-71.10364413652441,"https://maps.google.com/?q=42.3846679,-71.10364413652441"
VibeCHK,4:00pm – 6:00pm,Electronic,34 Oxford St ,42.386528549999994,-71.10076775,"https://maps.google.com/?q=42.386528549999994,-71.10076775"
Where's Waldo Audiobook,4:00pm – 6:00pm,Funk,72 Joy St ,42.37931412803221,-71.08731481203024,"https://maps.google.com/?q=42.37931412803221,-71.08731481203024"
YellowShed,4:00pm – 6:00pm,Jazz,10 Stone Pl ,42.380361,-71.09484873118893,"https://maps.google.com/?q=42.380361,-71.09484873118893"
Jim's Big Ego,4:01pm – 5:59pm,,74 Sycamore St ,42.39069545,-71.10011974439537,"https://maps.google.com/?q=42.39069545,-71.10011974439537"
The Galvanics,4:10pm – 6:00pm,Rock,45 Skehan Street ,42.37978045,-71.10659260809243,"https://maps.google.com/?q=42.37978045,-71.10659260809243"
The Orrs,4:10pm – 6:00pm,Rock,88 Gilman Street ,42.38595465,-71.09260278629587,"https://maps.google.com/?q=42.38595465,-71.09260278629587"
Bird Language,4:15pm – 5:00pm,Indie,70 Union Square ,42.37992335,-71.0951232401972,"https://maps.google.com/?q=42.37992335,-71.0951232401972"
Nick and the Dads,4:15pm – 5:45pm,Rock,45 Oliver St ,42.38399215,-71.08783265,"https://maps.google.com/?q=42.38399215,-71.08783265"
The Fisticuffs,4:15pm – 4:45pm,"Indie, Metal, Punk",102 Sycamore Street ,42.39180225,-71.09931048429203,"https://maps.google.com/?q=42.39180225,-71.09931048429203"
Eric G,4:20pm – 6:00pm,Electronic,41 Columbus Ave ,42.3812529,-71.09381538591589,"https://maps.google.com/?q=42.3812529,-71.09381538591589"
SCROD,4:20pm – 4:45pm,Punk,5 Rose St ,42.378834100000006,-71.1030138,"https://maps.google.com/?q=42.378834100000006,-71.1030138"
Alexis and the T-Rexes,4:30pm – 6:00pm,Indie,45 Parkdale St ,42.3780145,-71.10236477474527,"https://maps.google.com/?q=42.3780145,-71.10236477474527"
Chef Dumbbirch,4:30pm – 5:00pm,Rock,6 Webster St ,42.3853764,-71.08443107695612,"https://maps.google.com/?q=42.3853764,-71.08443107695612"
Combo Meal & Bent Luck,4:30pm – 6:00pm,"Funk, Indie, Jazz, Pop, Punk, Rock, R&B, Soul",34 Crescent St ,42.38298055,-71.07999051793117,"https://maps.google.com/?q=42.38298055,-71.07999051793117"
costume party,4:30pm – 6:00pm,Pop,14 Madison St ,42.38770915,-71.09894815137227,"https://maps.google.com/?q=42.38770915,-71.09894815137227"
Crossing the Line,4:30pm – 6:00pm,Funk,30 Line St ,42.37732955,-71.10624074485715,"https://maps.google.com/?q=42.37732955,-71.10624074485715"
CuraSón,4:30pm – 6:00pm,Latin,63 Merriam St ,42.3786634,-71.09174545,"https://maps.google.com/?q=42.3786634,-71.09174545"
GLUTTY,4:30pm – 5:00pm,Punk,31 Stone Ave ,42.380589150000006,-71.09491167068873,"https://maps.google.com/?q=42.380589150000006,-71.09491167068873"
Mada Silva,4:30pm – 6:00pm,Singer/songwriter,33 Hamlet St ,42.38362085,-71.09350594850835,"https://maps.google.com/?q=42.38362085,-71.09350594850835"
Nightblinders,4:30pm – 5:30pm,Rock,54 Prescott St ,42.385932350000004,-71.09845470421439,"https://maps.google.com/?q=42.385932350000004,-71.09845470421439"
Pacer Test,4:30pm – 5:15pm,Indie,30 Adrian St ,42.3771344,-71.09915364623416,"https://maps.google.com/?q=42.3771344,-71.09915364623416"
School of HONK,4:30pm – 6:00pm,Pop,290 Washington Street ,42.3788778,-71.09885329627151,"https://maps.google.com/?q=42.3788778,-71.09885329627151"
Sean's Basement,4:30pm – 5:30pm,Rock,82 Concord Avenue ,42.3761345,-71.10063221962682,"https://maps.google.com/?q=42.3761345,-71.10063221962682"
SheBoom,4:30pm – 6:00pm,World,41 Munroe St ,42.3815706,-71.09279469401994,"https://maps.google.com/?q=42.3815706,-71.09279469401994"
Stars in Debt,4:30pm – 5:30pm,"Indie, Rock",10 Prospect Hill Ave ,42.381575749999996,-71.09112118734197,"https://maps.google.com/?q=42.381575749999996,-71.09112118734197"
The Moonbeams Duo,4:30pm – 5:30pm,Folk,23 Summit Ave ,42.38421765,-71.09643556453919,"https://maps.google.com/?q=42.38421765,-71.09643556453919"
Viper's Jive,4:30pm – 6:00pm,Rock,51 Bow Street ,42.381730450000006,-71.09863761312181,"https://maps.google.com/?q=42.381730450000006,-71.09863761312181"
Orbiter,4:45pm – 5:15pm,Rock,5 Rose St ,42.378834100000006,-71.1030138,"https://maps.google.com/?q=42.378834100000006,-71.1030138"
Alfredo Thunder,5:00pm – 6:00pm,Rock,42 Flint St ,42.384348599999996,-71.08745098667212,"https://maps.google.com/?q=42.384348599999996,-71.08745098667212"
Ambitchous,5:00pm – 6:00pm,Pop,32 Clark Street ,42.37810925,-71.09770540090227,"https://maps.google.com/?q=42.37810925,-71.09770540090227"
BOB,5:00pm – 6:00pm,"Blues, Country, Indie",18 Dell St ,42.382909749999996,-71.0887463938476,"https://maps.google.com/?q=42.382909749999996,-71.0887463938476"
Buck Lonesome & The Table For One,5:00pm – 6:00pm,Country,22 Oxford St ,42.386345250000005,-71.1002575424593,"https://maps.google.com/?q=42.386345250000005,-71.1002575424593"
Conical Cacophany,5:00pm – 6:00pm,World,22 Prospect Hill Ave ,42.381199249999995,-71.09214462258772,"https://maps.google.com/?q=42.381199249999995,-71.09214462258772"
Double Star,5:00pm – 6:00pm,Rock,88 Oxford Street ,42.387209150000004,-71.10311685999463,"https://maps.google.com/?q=42.387209150000004,-71.10311685999463"
Five Year Plan,5:00pm – 6:00pm,Americana,82 Munroe St ,42.382366899999994,-71.09470550194175,"https://maps.google.com/?q=42.382366899999994,-71.09470550194175"
Gold Hoax,5:00pm – 6:00pm,Rock,155 Sycamore St ,42.39356595,-71.09744847649105,"https://maps.google.com/?q=42.39356595,-71.09744847649105"
Nigun Saloon,5:00pm – 6:00pm,World,8 Leon Street ,42.3758531,-71.10075485085198,"https://maps.google.com/?q=42.3758531,-71.10075485085198"
OS! & The Punctuation,5:00pm – 6:00pm,Hip hop,4 Olive Square ,42.37991409999999,-71.0985293952501,"https://maps.google.com/?q=42.37991409999999,-71.0985293952501"
Ruin The Nite,5:00pm – 6:00pm,Rock,70 Union Square ,42.37992335,-71.0951232401972,"https://maps.google.com/?q=42.37992335,-71.0951232401972"
Heather Mumford Project,5:10pm – 6:00pm,Americana,37 Stone Ave ,42.3807749,-71.09474142127658,"https://maps.google.com/?q=42.3807749,-71.09474142127658"
